Row ID,Order ID,Order Date,Ship Date,Ship Mode,Customer Name,Segment,Region,City,State,Payment,Category,Sub-Category,Product Name,Sales,Quantity,Discount,Profit
1,IN-2021-152156,11/8/2021,11/11/2021,Second Class,Priya Sharma,Consumer,South,Hyderabad,Telangana,UPI,Furniture,Bookcases,Godrej Interio Bookshelf,20956.8,2,0,3353.09
2,IN-2021-152156,11/8/2021,11/11/2021,Second Class,Priya Sharma,Consumer,South,Hyderabad,Telangana,UPI,Furniture,Chairs,Nilkamal Office Chair,58555.2,3,0,17566.56
3,IN-2021-138688,6/12/2021,6/16/2021,Second Class,Rahul Mehta,Corporate,West,Mumbai,Maharashtra,Cards,Office Supplies,Labels,Oddy Address Labels,1169.6,2,0,549.71
4,IN-2020-108966,10/11/2020,10/18/2020,Standard Class,Aarav Singh,Consumer,South,Chennai,Tamil Nadu,COD,Furniture,Tables,Godrej Conference Table,76606.2,5,0.45,-30642.48
5,IN-2020-108966,10/11/2020,10/18/2020,Standard Class,Aarav Singh,Consumer,South,Chennai,Tamil Nadu,COD,Office Supplies,Storage,Nilkamal Folding Cart,1789.44,2,0.2,201.31
6,IN-2021-115812,6/9/2021,6/14/2021,Standard Class,Ananya Iyer,Consumer,West,Pune,Maharashtra,UPI,Furniture,Furnishings,Faber-Castell Desk Set,3908.8,7,0,1133.55
7,IN-2021-115812,6/9/2021,6/14/2021,Standard Class,Ananya Iyer,Consumer,West,Pune,Maharashtra,UPI,Office Supplies,Art,Camel Oil Pastels,582.4,4,0,157.25
8,IN-2021-115812,6/9/2021,6/14/2021,Standard Class,Ananya Iyer,Consumer,West,Pune,Maharashtra,EMI,Technology,Phones,JioFiber IP Phone,72572.16,6,0.2,7257.22
9,IN-2021-115812,6/9/2021,6/14/2021,Standard Class,Ananya Iyer,Consumer,West,Pune,Maharashtra,UPI,Office Supplies,Binders,Classmate Ring Binder,1480.32,3,0.2,462.6
10,IN-2021-115812,6/9/2021,6/14/2021,Standard Class,Ananya Iyer,Consumer,West,Pune,Maharashtra,UPI,Office Supplies,Appliances,Syska 6-Socket Extension,9192,5,0,2757.6
11,IN-2021-115812,6/9/2021,6/14/2021,Standard Class,Ananya Iyer,Consumer,West,Mumbai,Maharashtra,EMI,Furniture,Tables,Featherlite Conference Table,136494.72,9,0.2,6824.74
12,IN-2021-115812,6/9/2021,6/14/2021,Standard Class,Ananya Iyer,Consumer,West,Mumbai,Maharashtra,Cards,Technology,Phones,Zoho Meeting Conference Phone,72913.92,4,0.2,5468.54
13,IN-2022-161389,12/9/2022,12/13/2022,Second Class,Vikram Patel,Consumer,South,Bengaluru,Karnataka,UPI,Office Supplies,Paper,JK Copier Paper A4,1244.16,3,0.2,435.46
14,IN-2022-135545,11/27/2022,11/29/2022,Second Class,Sneha Reddy,Consumer,West,Ahmedabad,Gujarat,UPI,Office Supplies,Binders,Kores Binding Machine,32638.08,3,0.2,10607.38
15,IN-2021-156909,11/5/2021,11/10/2021,Standard Class,Karan Gupta,Home Office,North,Jaipur,Rajasthan,COD,Office Supplies,Appliances,Eureka Forbes Air Purifier,5504.8,5,0.8,-9908.64
16,IN-2021-156909,11/5/2021,11/10/2021,Standard Class,Karan Gupta,Home Office,North,Jaipur,Rajasthan,COD,Office Supplies,Binders,Cello Storage Box,203.52,3,0.8,-305.28
17,IN-2022-105893,11/11/2022,11/18/2022,Standard Class,Meera Nair,Consumer,North,Lucknow,Uttar Pradesh,UPI,Office Supplies,Storage,Classmate Durable Binder,53270.4,6,0.4,-1065.41
18,IN-2022-167164,5/13/2022,5/15/2022,Second Class,Rohit Joshi,Consumer,West,Mumbai,Maharashtra,UPI,Office Supplies,Storage,Nilkamal Storage Drawer,4440,2,0,799.2
19,IN-2022-143336,8/27/2022,9/1/2022,Second Class,Neha Kapoor,Consumer,West,Pune,Maharashtra,UPI,Office Supplies,Paper,JK Easy Copier Premium,684.8,2,0,198.59
20,IN-2022-143336,8/27/2022,9/1/2022,Second Class,Neha Kapoor,Consumer,West,Pune,Maharashtra,Cards,Technology,Phones,Airtel Business IP Phone,17078.4,3,0.2,1280.88
21,IN-2023-167199,10/3/2023,10/7/2023,Second Class,Amit Desai,Consumer,South,Hyderabad,Telangana,UPI,Office Supplies,Binders,Classmate Spine Binder,1817.6,4,0,590.72
22,IN-2023-149677,1/28/2023,2/5/2023,Standard Class,Pooja Rao,Consumer,West,Mumbai,Maharashtra,EMI,Technology,Phones,Apple iPhone 14 (India),159998.4,2,0,31999.68
23,IN-2023-149677,1/28/2023,2/5/2023,Standard Class,Pooja Rao,Consumer,West,Mumbai,Maharashtra,UPI,Technology,Accessories,Logitech MX Master 3,19999.2,3,0,6999.72
24,IN-2023-111682,11/19/2023,11/23/2023,Standard Class,Sanjay Kulkarni,Consumer,East,Kolkata,West Bengal,EMI,Technology,Machines,HP LaserJet Pro M404dn,223998.56,2,0,78399.5
25,IN-2023-111682,11/19/2023,11/23/2023,Standard Class,Sanjay Kulkarni,Consumer,East,Kolkata,West Bengal,UPI,Office Supplies,Paper,JK Easy Copier 75 GSM,3678.4,5,0,1471.36
26,IN-2023-134915,8/3/2023,8/7/2023,Standard Class,Divya Menon,Corporate,West,Mumbai,Maharashtra,Cards,Furniture,Chairs,Godrej Interio Task Chair,58555.2,3,0,17566.56
27,IN-2023-134915,8/3/2023,8/7/2023,Standard Class,Divya Menon,Corporate,West,Mumbai,Maharashtra,UPI,Technology,Accessories,boAt Rockerz 550,23997.6,3,0.2,5999.4
28,IN-2023-168116,5/22/2023,5/24/2023,First Class,Arjun Nair,Corporate,West,Pune,Maharashtra,UPI,Technology,Accessories,Syska Metal Power Strip,21595.2,3,0,10797.6
29,IN-2022-119914,12/2/2022,12/6/2022,Standard Class,Kavita Shah,Consumer,East,Patna,Bihar,EMI,Technology,Phones,Samsung Galaxy S23,79999.2,1,0,15999.84
30,IN-2022-119914,12/2/2022,12/6/2022,Standard Class,Kavita Shah,Consumer,East,Patna,Bihar,COD,Furniture,Furnishings,Urban Ladder L-Desk,103999.2,1,0.1,10399.92
31,IN-2021-109806,11/24/2021,11/28/2021,Standard Class,Isha Bansal,Consumer,North,Delhi,Delhi,UPI,Office Supplies,Storage,Oddy Vinyl Sheet,2592,4,0.2,648
32,IN-2021-109806,11/24/2021,11/28/2021,Standard Class,Isha Bansal,Consumer,North,Delhi,Delhi,UPI,Furniture,Bookcases,Wakefit Study Bookcase,39599.2,2,0,7920
33,IN-2022-116904,3/17/2022,3/18/2022,First Class,Nikhil Verma,Consumer,East,Bhubaneswar,Odisha,UPI,Technology,Machines,HP LaserJet Pro M402dn,55999.2,1,0,16799.76
34,IN-2022-116904,3/17/2022,3/18/2022,First Class,Nikhil Verma,Consumer,East,Bhubaneswar,Odisha,UPI,Office Supplies,Art,Faber-Castell Colour Pencils,1279.2,3,0,511.68
35,IN-2023-169248,9/11/2023,9/15/2023,Second Class,Shreya Pillai,Corporate,South,Bengaluru,Karnataka,EMI,Technology,Phones,OnePlus Nord CE 3,43999.2,2,0,8799.84
36,IN-2023-169248,9/11/2023,9/15/2023,Second Class,Shreya Pillai,Corporate,South,Bengaluru,Karnataka,UPI,Office Supplies,Envelopes,Kores Button Envelopes,261.12,2,0.2,65.28
37,IN-2021-100153,10/29/2021,11/2/2021,Standard Class,Manish Agarwal,Consumer,West,Mumbai,Maharashtra,UPI,Technology,Accessories,Logitech Wireless Mouse,2399.2,4,0,959.68
38,IN-2021-100153,10/29/2021,11/2/2021,Standard Class,Manish Agarwal,Consumer,West,Mumbai,Maharashtra,Cards,Office Supplies,Binders,Kores Electric Binder,58555.2,3,0.2,17566.56
39,IN-2022-127180,12/8/2022,12/12/2022,Standard Class,Aditi Kaur,Consumer,North,Delhi,Delhi,COD,Furniture,Tables,Featherlite 6-Seater Table,33596.16,4,0.2,3359.62
40,IN-2022-127180,12/8/2022,12/12/2022,Standard Class,Aditi Kaur,Consumer,North,Delhi,Delhi,UPI,Technology,Accessories,boAt Nirvana 751 ANC,43197.6,3,0,12959.28
41,IN-2023-143567,7/14/2023,7/18/2023,Second Class,Harshita Jain,Consumer,East,Kolkata,West Bengal,EMI,Technology,Phones,OnePlus 11 5G,55999.2,2,0,11199.84
42,IN-2023-143567,7/14/2023,7/18/2023,Second Class,Harshita Jain,Consumer,East,Kolkata,West Bengal,UPI,Office Supplies,Paper,JK Copier A4 75 GSM,2841.6,4,0.2,795.2
43,IN-2021-157773,3/2/2021,3/7/2021,Standard Class,Deepak Yadav,Consumer,South,Hyderabad,Telangana,COD,Furniture,Furnishings,Classmate Zip Binder,1817.6,4,0,590.72
44,IN-2022-140151,3/14/2022,3/19/2022,Standard Class,Ritika Bose,Corporate,East,Kolkata,West Bengal,Cards,Technology,Machines,TVS RP 3230 Label Printer,103999.2,1,0,31199.76
45,IN-2022-140151,3/14/2022,3/19/2022,Standard Class,Ritika Bose,Corporate,East,Kolkata,West Bengal,UPI,Office Supplies,Storage,Nilkamal Fold N Roll,1789.44,3,0,536.83
46,IN-2023-118255,10/8/2023,10/13/2023,Standard Class,Suresh Iyer,Home Office,North,Lucknow,Uttar Pradesh,UPI,Technology,Accessories,Portronics Laptop Stand,2399.2,2,0,959.68
47,IN-2023-118255,10/8/2023,10/13/2023,Standard Class,Suresh Iyer,Home Office,North,Lucknow,Uttar Pradesh,COD,Office Supplies,Supplies,Camel Water Colour Pens,159.2,3,0.2,47.76
48,IN-2021-149038,6/7/2021,6/8/2021,First Class,Tanvi Chawla,Corporate,West,Mumbai,Maharashtra,UPI,Technology,Phones,Yealink IP Phone,69999.2,1,0,20999.76
49,IN-2021-149038,6/7/2021,6/8/2021,First Class,Tanvi Chawla,Corporate,West,Mumbai,Maharashtra,UPI,Office Supplies,Paper,Oddy 5-Tab Dividers,518.4,3,0.2,155.52
50,IN-2022-113959,11/10/2022,11/15/2022,Standard Class,Mohit Saxena,Consumer,South,Bengaluru,Karnataka,Cards,Technology,Machines,Kores Paper Shredder,31999.2,1,0,9599.76
